,0
0,"                                                   ID  ...                                                供应商
0                                                   1  ...                                                供应商
1                                                   2  ...                                                供应商
2                                                   3  ...                                                供应商
3                                                   4  ...                                                供应商
4                                                   5  ...                                                供应商
5                                                   6  ...                                                供应商
6                                                   7  ...                                                供应商
7                                                   8  ...                                                供应商
8                                                   9  ...                                                供应商
9                                                  10  ...                                                供应商
10                                                 11  ...                                                供应商
11                                                 12  ...                                                供应商
12                                                 13  ...                                                供应商
13                                                 14  ...                                                供应商
14                                                 15  ...                                                供应商
15                                                 16  ...                                                供应商
16                                                 17  ...                                                供应商
17                                                 18  ...                                                供应商
18                                                 19  ...                                                供应商
19                                                 20  ...                                                供应商
20  上一页 1 2 3 4 5 6 7 8 9 10 下一页 尾页 第1页/共4519页 共 9...  ...  上一页 1 2 3 4 5 6 7 8 9 10 下一页 尾页 第1页/共4519页 共 9...

[21 rows x 7 columns]"
